{
  "project_info": {
    "project_number": "105916704086",
    "firebase_url": "https://hyperlocal-fd06f.firebaseio.com",
    "project_id": "hyperlocal-fd06f",
    "storage_bucket": "hyperlocal-fd06f.appspot.com"
  },
  "client": [
    {
      "client_info": {
        "mobilesdk_app_id": "1:105916704086:android:dad5565a56772553",
        "android_client_info": {
          "package_name": "com.example.android.assistant.companionaction"
        }
      },
      "oauth_client": [
        {
          "client_id": "105916704086-t0hsol8ae3o1macmse1r0d1kad9f726p.apps.googleusercontent.com",
          "client_type": 1,
          "android_info": {
            "package_name": "com.example.android.assistant.companionaction",
            "certificate_hash": "a4add2101f9b80041aab96aa9e6c2ca98343e4d5"
          }
        },
        {
          "client_id": "105916704086-nuasmb3j1fa2ulmdqgh0nel5rnra0o7e.apps.googleusercontent.com",
          "client_type": 3
        }
      ],
      "api_key": [
        {
          "current_key": "AIzaSyDyoIYvFUUDK2iqYAY32NqB_hhp7JPwYxE"
        }
      ],
      "services": {
        "analytics_service": {
          "status": 1
        },
        "appinvite_service": {
          "status": 2,
          "other_platform_oauth_client": [
            {
              "client_id": "105916704086-4fndhmgmhtjv90k1m3ogu6aj46kih918.apps.googleusercontent.com",
              "client_type": 3
            }
          ]
        },
        "ads_service": {
          "status": 2
        }
      }
    }
  ],
  "configuration_version": "1"
}